lat,lon,trip_id
59.75128564941775,21.149547272762895,1
65.25881798502805,21.154726686159254,1
61.74406920192757,21.413240388392545,1
58.83448938216252,23.026572762151275,1
61.3084223226109,17.221379411521763,1
60.45641177979182,16.89751971382507,1
55.7325432887222,20.30230466677626,1
61.31428379127608,22.543621160210137,1
67.77586460134292,12.514230107397376,1
59.28903138106559,23.69718190764405,1
57.406170996071744,22.14882499864218,1
59.95062942786784,14.578976892186871,1
67.87697653776237,15.2004571626918,1
55.85986780240645,22.55480454511848,1
61.087044722887896,24.11117293372117,1
63.991033969879226,12.544153747867945,1
58.44995472605596,11.729150167321787,1
59.53472148334499,13.23851024870211,1
65.47317269789991,22.213154677290333,1
55.48950432917472,11.3769660599358,1
62.36817024938335,18.958808314543234,1
59.267197017573245,23.886215084638316,1
67.97291116671008,23.253787399908347,1
59.629751499364275,16.78813951706622,1
64.28503665285041,23.362446079952523,1
66.07552892569574,17.499437070484316,1
65.3945102388736,20.737045641907464,1
59.08864087884708,17.533813053392297,1
68.12228672238511,22.256211068519594,1
63.78804178843257,17.328598073824722,1
68.47677731454138,20.22106366110684,1
56.04231483943555,19.00933297432604,1
56.39688811086217,20.65961516213075,1
67.98481064100875,14.379832994995946,1
59.65062552101267,12.548164757499826,1
66.1624586459506,19.84497951845433,1
59.526759062803066,17.632089127653742,1
64.90699249171175,18.980542412377254,1
55.26524785049601,23.376264750700432,1
58.93195613205341,19.32651625390325,1
63.706699030459795,12.975225584169653,1
65.90109643430463,15.634773871917675,1
61.780245821910185,16.917753464739658,1
61.55837588629743,16.804117682959923,1
64.11106614586619,14.612609000296958,1
55.91011558360739,23.62376705834766,1
66.69596809714491,21.66105563978983,1
62.133443394522736,23.926291262450626,1
55.22945046457878,14.115515224527893,1
61.49013600036554,18.010311553404335,1
67.2629355387495,23.4801032733208,2
56.920743149050374,19.389589393404634,2
61.10482332389231,21.14219048929819,2
68.41759398507243,14.375104761240468,2
59.45329316671231,21.043718321771557,2
58.583906797924016,17.58513842999554,2
58.957420289505755,22.979150589099135,2
56.27130043257136,20.833086043553266,2
59.40519104533161,11.454613910037825,2
65.08090412802896,11.206503021317525,2
62.32427143203411,13.687624180204226,2
66.97643039215268,11.848543495597571,2
61.37782451833612,21.417553867749927,2
55.893690455842254,12.417436301181416,2
63.677768327821035,18.996503652012358,2
63.52030068160211,10.844291927546266,2
63.675290211368285,12.040107665974595,2
67.48233282368139,19.0871937076854,2
64.42147820606307,23.762623225949774,2
62.685394443640575,21.262399420459055,2
57.20169292417924,15.386275336038086,2
61.14674981763292,24.138796249746953,2
63.971927619633796,19.264655857645472,2
68.17765700765686,15.1361040037282,2
65.04818094682537,19.90187096163721,2
64.52937204356941,21.52495716903591,2
56.16622573989286,11.593799904302037,2
59.93111774257779,14.950623755843822,2
57.97715820354779,22.646805783139506,2
68.144496123274,22.000912907959403,2
64.60926824213968,13.086004418497259,2
64.12688865312283,13.452004286258697,2
63.00824828886848,17.59380709660062,2
57.39352764490053,19.252076567958817,2
66.21509533786124,15.314622726690757,2
65.5428356452906,17.75668143145396,2
55.78976702845623,19.53709969184372,2
60.281725263357195,21.422832267319507,2
65.38519236251858,14.123493372552574,2
68.98039630074567,20.799432542686702,2
63.300098911015866,20.02447508532166,2
62.74801906476629,21.825223996177854,2
59.54576346687756,22.428396374838236,2
67.65679331662807,16.825976656835213,2
64.14378768143469,13.274752590173279,2
66.84912470562813,19.236502117347634,2
62.79539977186145,15.320954734363537,2
62.73425709413451,21.15358872564525,2
65.62337364358135,17.975578927729725,2
63.155617791977974,16.33429878773609,2
63.364966188994465,14.045749944130835,3
66.25083240246633,18.404236599900223,3
55.86732050535708,18.58747529078471,3
67.67695666212242,17.43327592416941,3
55.56863644737371,22.307432912379795,3
55.75102005743532,12.315605164209899,3
57.31012313008443,11.730991205930806,3
68.31908903616304,20.609366634183893,3
55.716959475434216,12.588465199847775,3
56.31911480615148,10.680277867422367,3
57.514015118347345,23.654640773606566,3
56.2791914198007,13.62897381561321,3
68.54417779769474,23.007270093404536,3
64.72383031949114,20.973763048100388,3
68.83747940302598,20.415562047800847,3
61.4479673539727,20.114825544025223,3
55.26217683564489,21.869568581606593,3
62.50455106618168,20.109806050943188,3
68.39682310400087,15.026037594590541,3
67.62920602056677,22.726249014932893,3
64.71828615316599,16.640999742481515,3
61.171065468937265,13.882484775954278,3
67.38579288622883,14.470209558287184,3
62.93787011106175,21.96497894025907,3
64.2207328871951,23.58210648692829,3
60.29724078223151,11.767462227647906,3
58.921558048528,20.386187234551898,3
66.11323761537385,16.302654763325407,3
62.32415266940648,21.525810244450152,3
63.7681383366687,11.486086386307912,3
65.13007511480087,23.77765477179331,3
57.75358026622209,23.17537455129082,3
67.34683613161442,15.796820234065788,3
61.54519724697633,13.356405503807345,3
56.66494462497721,14.885105083609705,3
62.74972597111887,15.048737951939703,3
67.59466979158712,17.9432720097249,3
66.55828307706635,18.625409459643823,3
64.17765149360193,16.510755770513434,3
55.231621644635176,21.394973902508184,3
68.22986648759023,12.333015846783569,3
64.74710443879755,11.024659872415128,3
64.96803630567983,13.994080489404741,3
63.813540103309165,21.134354520423315,3
63.1549676615351,19.31506934279674,3
56.9953048043152,19.190070735055475,3
62.97389212159672,17.836820113761643,3
63.808538203961184,14.69683952487948,3
64.61753251136784,19.81607763268991,3
61.504191257169005,18.805882227867052,3
55.68915426770386,21.658562475138083,4
68.42734073880555,23.64700838314664,4
60.38068467461068,13.845431476408578,4
56.37793474431362,15.043140800133404,4
57.17872975855713,12.902811224743672,4
64.38286602818907,19.825583799668017,4
57.46684161467927,21.33281675828148,4
68.5726071888281,18.258724923259233,4
62.95546490804206,11.23821458693268,4
60.503680238787595,16.061377966101475,4
67.16061631111518,11.936660170799188,4
66.3349088857097,18.06850807126012,4
69.06521912385124,13.192893385308817,4
68.1143174864921,17.2860740717638,4
67.30137759304591,20.038746924680105,4
58.417737992256136,14.147472525097,4
59.64014887613285,23.097762545817922,4
64.088165991073,21.94613159412269,4
66.9956861912402,15.818918892844511,4
58.7006868850651,12.140936054579416,4
55.34296713536647,17.96176116654495,4
55.75022824426356,13.587404182343496,4
69.07693447130418,20.275553738190403,4
60.180671321754964,12.005162645802235,4
55.88734388631115,17.17932181952535,4
57.52668945574897,23.847053576490573,4
66.0709217714053,14.989067695583103,4
67.67815653057949,18.687077295134756,4
67.16268166177026,21.26699822376622,4
65.678209070675,20.184120644416268,4
59.61080906269804,16.808797965180155,4
61.474539322119085,16.336278248177376,4
66.56878207675447,15.474316361636578,4
61.7171136078162,19.21360970388433,4
56.04700626457564,23.02509920349367,4
57.230815869143555,16.174074413013162,4
57.597214811804875,13.1772593101762,4
66.62540143771751,22.74456197691063,4
64.51122839854217,21.597921121810614,4
57.80014553400759,19.519857158805515,4
59.86442347755692,17.333715987677994,4
59.218000601525354,16.981362629452637,4
56.263715185939056,12.879614635469569,4
64.16892299073119,13.654029754856868,4
59.85249983128219,13.159021178603396,4
61.83855806721736,12.059700229375306,4
66.98722470288871,13.463978948207986,4
64.20563022325909,16.45595425108603,4
66.6105071569554,21.17880061692611,4
64.30523754964976,17.524949902462918,4
55.87818388919934,13.502570630379326,5
63.27154265198893,18.38887482175207,5
68.57069865025166,11.38722022018398,5
65.46837060748021,17.640172064711138,5
67.96499201166412,13.009635150212537,5
63.285959827217695,15.99205498004574,5
68.9302789783466,15.523341626339018,5
66.22175053882496,17.164748646431264,5
63.25046006711918,22.89875308239937,5
58.4095933383353,23.629072328404682,5
67.57964162040876,19.14490289861731,5
55.36422444718291,15.670281078993806,5
64.70683434842796,13.169937905886322,5
61.740211035978405,12.310808373697181,5
66.35683844708787,17.22881638070376,5
55.659293865052604,24.095988278399084,5
62.678446262068505,23.236090553188333,5
57.00671374166486,13.046973295510904,5
56.612894768956,22.436717732902657,5
59.04411843554777,21.444473893644414,5
62.606503154085196,19.917660238492154,5
62.93633709514321,19.54421837668906,5
62.10673704757752,15.62457890626524,5
64.29469918396465,22.1040371001651,5
64.13290630318888,22.35437295443522,5
55.80719050145782,18.560236886520393,5
59.62521649563098,15.372348702687802,5
63.70777491440718,21.999469875112325,5
68.52782872318701,21.58613714193862,5
58.026101310635994,19.351832588142287,5
67.31161352030963,18.682841822241016,5
57.49577129118438,15.830910121909866,5
67.97413076161142,20.020691645795615,5
59.7844831962398,13.225390523089969,5
62.8046107176269,13.298093069924196,5
67.74269117697503,15.606979679660217,5
58.74345925315218,21.78176434823468,5
66.27037820411988,13.467750417887057,5
65.6383552631921,17.517232038969777,5
55.94168359919393,13.566420502604988,5
68.64846115926898,24.09617627583049,5
68.39910683336345,22.669645966082825,5
65.99868816960574,14.552789195901909,5
56.438265651196986,14.316518628890012,5
63.472761109709936,16.622172655991,5
63.15441229952198,19.857453101523305,5
62.868857971058645,24.10413224385126,5
62.24729520522888,23.702418135603935,5
67.09827280821008,23.809676883645025,5
65.77173972003374,18.414390303793212,5
58.52248405541708,23.029297192655424,6
56.57272656927777,13.796061088263318,6
64.687221299757,24.11864076331672,6
57.822064046155916,12.885539247007248,6
63.403966307643564,17.038395871686998,6
62.67542407657114,13.430826095412566,6
56.794779461101186,16.512244211575652,6
60.23804176459077,19.734529592555795,6
61.94939033505881,12.809678828617628,6
67.2999990148352,19.206991659464627,6
61.06169339110473,18.323763340219532,6
56.1354765076603,18.09456598282264,6
56.44848696961656,15.634945590140944,6
55.39766515758875,17.563664596963083,6
64.42752579559591,18.068594762595435,6
58.4445841543586,11.279841650928365,6
57.43699692740446,11.967304383024803,6
66.25457284175583,20.78138258109835,6
56.42524672649218,16.299138334455336,6
62.79897402622721,19.69426309260587,6
60.73841302542108,21.14774091257825,6
62.786136250562414,11.040563415675647,6
64.61527308986173,13.941745510715513,6
57.71419387306655,15.190347930681071,6
58.261945382464575,16.870082776346294,6
68.13243386539511,10.84555373371199,6
62.57910037727092,16.46360908868562,6
57.549905630719174,24.180274372283264,6
60.528827706039486,14.59220121963823,6
66.47389648190126,14.943138547311294,6
59.00039253487405,11.21934608447931,6
67.35408359883765,14.4733156770735,6
60.82206525666433,19.44313796967967,6
64.31573717199646,12.997896050322655,6
68.75287132515129,16.00456027582859,6
61.038461461943825,10.884151106674578,6
57.663979883207354,20.18685574022731,6
63.89622312336748,12.93197903601174,6
58.12043157029178,21.179101812117715,6
62.53681923763219,12.757300777392544,6
61.907047259473984,15.550532950583165,6
56.70741864480517,12.768280198573247,6
64.25043997426225,14.839505928616287,6
67.02296897138004,16.968253992752327,6
67.40327492889669,14.842623178207148,6
62.12162288920158,23.919084711155698,6
58.677247180289854,19.104204925224153,6
65.99092950145682,23.154694422422022,6
61.32347573936841,15.695713656782296,6
58.905052183201754,12.878233456202093,6
62.334060343652794,20.931628093156753,7
63.22646851988391,15.864307713701947,7
57.54556635846376,20.29763688718584,7
58.91887721709966,15.617978557326769,7
64.84148212206772,11.1695177093511,7
58.63329407738413,21.970228653421053,7
58.58825693065179,11.859257882477584,7
56.64987937366918,11.882285486535109,7
59.785729609809884,15.73783341982956,7
65.38630453334639,20.263454935433984,7
59.003734975884456,13.815542344537358,7
66.88504173996124,24.03981158824788,7
57.954065828363056,10.677324914432285,7
66.76780749791371,19.735918741052988,7
62.7703540304864,23.7875885152883,7
61.57684320146104,17.415573771502167,7
63.06206387654849,23.54031457685695,7
60.26198531365788,15.165921527344151,7
64.78842978091372,17.994850353773288,7
62.09994419321262,12.753333427393905,7
58.11535426901094,18.22153162227456,7
63.205512309516465,24.107651699592882,7
61.63767069840827,21.260505718621623,7
63.602810974402544,18.213793367124374,7
64.19557125602768,14.270826395840317,7
68.39883273889262,23.047375152623832,7
63.90327352857413,22.395994744268027,7
60.593232060404226,13.379648569574663,7
62.816551826911585,22.27072989459846,7
55.80303550306749,18.578918517115717,7
67.74238609414844,18.331197933994936,7
59.14477876199769,19.462259696231666,7
64.09681420844247,16.417914536249654,7
55.62642478905803,11.732213412542148,7
63.708115260094026,23.304607666840674,7
67.78248233874253,23.347859750030587,7
63.48207285785671,20.874504206497015,7
68.34999172677624,19.03122343053088,7
63.08057848486851,17.450281148705344,7
56.51757976539218,22.99154685859773,7
65.95242554823658,23.191395179424713,7
59.84553303442547,20.05859714418164,7
64.25356785142144,19.279672150641623,7
63.41869597096742,12.921502213248697,7
61.69630049117101,17.681024479394985,7
64.81179361916935,12.879823504823197,7
65.35266992524437,19.00395461994904,7
56.230691983145434,22.944107361612733,7
61.236764396672385,14.696298975722641,7
63.18604656072389,11.472040906108123,7
63.16908272024317,18.321528497654782,8
56.449152699493425,15.59109434822525,8
65.67956711352063,23.882150151458553,8
56.72675493509193,18.80728489771505,8
64.84778508032745,15.965874681785758,8
64.06176455572997,11.306344751516823,8
55.949021548378376,12.842206238234958,8
63.223384620712,21.10936275001779,8
59.80801921584194,23.97104895236482,8
63.08844753610029,14.365567035991624,8
65.16312982340396,21.352289007098115,8
58.30669210081119,21.781261913905666,8
61.768157030140536,14.280781089208475,8
64.977209494079,19.960182651696115,8
58.24574706115356,21.82241910023065,8
65.60156852514547,10.99952002148764,8
67.378462390588,11.041040492233492,8
58.1828399328108,12.350337373431849,8
65.44698604414424,22.912270788006047,8
61.1683960597305,22.453917777191165,8
68.95903632377596,21.976278675238795,8
66.11240705513751,14.962484197829802,8
59.669636266487856,17.023837543565705,8
66.9390261016376,21.44240204402493,8
61.22048710599777,14.21474386624632,8
65.2742894509989,12.412595137459578,8
68.6399233312807,19.842234282262424,8
67.91135675774831,14.678221314862304,8
67.7070975329252,18.265835780863274,8
61.307510837938395,20.913518318105318,8
62.79381349237833,13.607834345898365,8
66.20792600912388,13.449298926040331,8
63.460041832562446,12.040911588580462,8
60.170630288530724,14.905538331748051,8
57.22606159698961,22.254850658815357,8
67.21348242313569,19.109224004691576,8
65.19944097572109,23.129047562763205,8
59.64533726880193,10.644851275479718,8
63.082842958004946,17.09730180800805,8
63.07928463928724,15.050703884915462,8
66.25073402695844,18.426270952303412,8
56.37642630333917,19.552444080003028,8
67.67510020745775,13.19311259151084,8
63.3951413635036,12.521926382359474,8
65.05828345784211,19.09043291502048,8
57.59902171404655,12.323463435576937,8
61.1315255620372,11.871054077222539,8
56.776955293715496,15.249646504865218,8
65.33296705521502,16.233655480253052,8
62.76327383550337,23.055356122118432,8
60.63739878661487,17.24373482608026,9
62.40178060308432,18.28980865731197,9
68.51382320911273,17.21118963788482,9
57.37181479912331,13.399638636717057,9
67.94962888867242,13.389084122741195,9
60.16686056845352,20.203751470303487,9
59.946466113962714,22.43425728058469,9
63.689867014101466,12.824365577154783,9
60.451415024542314,23.371035297235892,9
60.63023791765299,17.29982217040143,9
62.85752734521262,21.708073418372017,9
59.46978299224771,22.451223313642707,9
66.19588611722806,18.684818774937387,9
60.45136746642534,18.158867480233894,9
62.184040457189575,18.490835005200964,9
58.64766374758024,13.51514735061344,9
55.57057365612157,16.48258845575531,9
57.86461660069983,16.890834616258843,9
57.85618597324389,11.444462201291612,9
67.66184196013495,21.647571017751297,9
63.000949600854376,18.7545966043417,9
66.70679034996546,23.388974973570644,9
68.85338531258216,22.76795184065903,9
63.08868183586114,12.96982437589379,9
61.53088783311976,24.19428947819315,9
57.24798041045629,18.88818840779713,9
57.57547205737188,17.950440368722436,9
56.899040980527786,14.806180874942747,9
59.90660611659372,22.054242554919703,9
63.93350321077377,18.571108896323636,9
56.72196351356397,15.852874173162053,9
63.28542593970907,21.377969491318602,9
59.386167958616895,23.964098008233403,9
61.17610233441795,13.388257726504857,9
66.24856672591014,23.990365582866453,9
61.766505373395674,11.79746009889402,9
65.91145373672899,22.386473568407446,9
63.53933599833191,19.555360059693776,9
62.375615481424155,21.88752362336687,9
65.91660715232398,11.862386503759147,9
57.77296949326677,23.509134195670477,9
55.20261000512328,12.51458655639299,9
61.827972221237545,17.330884454194532,9
64.48853897496822,22.08583033950595,9
60.14720431468197,17.365510498180008,9
65.75015650086695,16.50536977243539,9
62.122345797454784,18.864051514897703,9
66.50228938695827,19.957026914189758,9
67.61219757959216,19.706755833117253,9
55.62314017763339,24.174826507543052,9
62.437484462145754,19.680473718185787,10
61.323712008526634,16.78244303326038,10
68.7329479231905,22.868585532269215,10
66.03969612714485,16.418078202667264,10
60.09074221082219,24.02960072275697,10
66.17744611821864,23.005809331142345,10
60.65711538209289,17.312538967991518,10
63.587141608118756,21.198016015555233,10
61.67182584605122,10.746319554900753,10
65.49324655558345,22.8618187448156,10
66.5532248621694,21.390733652266583,10
57.69852305305151,21.31394211883147,10
65.01001372760045,22.943568499905986,10
66.87215310505538,21.189725123094767,10
60.56863314727159,13.746147290380481,10
56.30604371005786,13.052508138254282,10
61.73817710609782,17.213967144123895,10
59.405193615551,12.570611044928764,10
66.48092103785191,23.12459697319671,10
68.01863571933099,16.70570096587285,10
55.879633965455426,17.459096517303788,10
68.47920536103301,13.534545503795744,10
62.67088717703488,15.197307717770258,10
68.73444269919659,18.91637853149836,10
56.29994596634277,17.988791509144797,10
56.10274930610547,20.82400907898574,10
56.522663476148274,15.828504290058525,10
57.21758198253379,17.383144304110935,10
65.9038757300909,11.691161633596192,10
55.95537403875869,18.71802833451304,10
64.60181289245298,12.079242188839064,10
59.11116119111683,21.8122603721637,10
61.85366631902873,10.961954653752525,10
64.83896720647346,10.706294663096909,10
56.404513683790306,18.260062109268134,10
55.4830144912585,18.649008060578982,10
67.2184465317749,13.486871554694408,10
57.647091220597076,17.356098157431862,10
67.13118586444689,11.255250642079051,10
57.843560506535425,23.17786393752384,10
56.200869537682436,10.688871183176989,10
58.19998219500174,14.89184012210232,10
68.95768998199422,11.819398634407438,10
58.024316952150635,18.711348565544398,10
63.26425691037982,12.107751115106453,10
58.91032485458521,15.860631835766272,10
64.03686721662139,18.13690379999317,10
68.32755436554223,14.498140791342053,10
62.397891850014716,21.624134402628606,10
62.61996005092469,20.4961537031731,10
63.51953014681459,16.840435965039656,11
65.62118986065046,18.172480485652226,11
56.01711245774638,16.340953558850593,11
66.9457784735729,17.52010817945214,11
67.58038851485634,21.963282516591107,11
55.23579204049839,11.764969897088159,11
58.253254852127256,21.64909450170628,11
59.616749309173755,15.371902269411676,11
62.209550551648775,23.29794964524816,11
59.07515585699777,23.03840166252563,11
59.50379946529434,24.107561122537007,11
68.83011178715614,12.148250801263464,11
61.81831737428864,12.343587548187083,11
68.66728355102079,16.95783156481076,11
62.21381035121482,19.68920390342155,11
66.823514688768,13.958592230436114,11
63.28240284109375,23.981911232139502,11
59.787806346133245,18.114943812869022,11
59.298920456466696,15.947104748394306,11
59.986983957158294,18.672089327422462,11
63.18003506746726,23.241774875479944,11
61.23778425996418,14.61590261464362,11
63.926924344808526,13.62824643346128,11
58.42665814921858,15.41077784732711,11
64.60004818854613,18.338950224913738,11
61.03320812761437,22.667600799679242,11
55.266730274300926,16.239445803015027,11
56.63961411970704,19.765839026845924,11
56.85409792149352,18.548386345800182,11
58.25022411061012,16.64436438289426,11
64.67924160532988,14.410463792829932,11
56.47112325385197,11.920829426079724,11
58.02459806108952,23.229168004060444,11
63.672165472052725,21.410987746420318,11
60.68930812967564,15.868310714302996,11
65.50474450684962,18.480489148700983,11
61.27623234976017,17.96519266043447,11
67.88755802474861,19.043531643133225,11
63.8260316480339,15.114832326843022,11
64.11901758918432,19.6867343850246,11
62.45247360448003,13.694768166245055,11
66.32792915896738,22.905230777851315,11
57.30324825742858,11.479411216613316,11
64.60401987693858,19.093811799024806,11
65.65171929525225,23.081458809309133,11
59.553770640050395,13.734214558413473,11
55.31772137115932,16.975741715053406,11
59.01013580332187,13.432485976191625,11
61.478660577874265,20.95090534275596,11
62.637612008122794,20.17440917625356,11
61.457743751829895,15.750201243684423,12
68.33969530316335,14.035639353359251,12
59.60159056504063,23.175628866949502,12
56.33971072159361,21.914937069800573,12
59.80747164864136,24.03916295302401,12
55.30634609212545,19.783241108205427,12
61.285920813418,23.257345170610662,12
65.72028293826733,17.060597268290266,12
60.981434571639426,20.518928263693496,12
55.926813536877816,12.343855050905855,12
65.46661491543544,18.959161217393813,12
64.14321915539222,13.44533643440483,12
64.80100480300133,11.261726414785663,12
62.54622676228005,20.64192158332181,12
68.62259624613375,18.318988412499017,12
58.967026475873865,21.12590815809613,12
61.39027129660095,22.230324626532713,12
62.22515064146728,19.17054683020126,12
62.45612997067815,23.771472801374774,12
66.28289827613814,19.776209237602437,12
65.040727759996,19.396402809054432,12
57.9665569168604,20.214263938215794,12
59.23741005311634,14.198774055135345,12
64.45868084518507,22.7323364775727,12
66.838484404829,19.456246504056097,12
63.39004168307129,13.450403348256419,12
59.01320898970058,21.917019312894105,12
62.01375837640466,21.966941287062824,12
57.063670096468016,14.075551048107856,12
57.67348059194481,22.36236629295765,12
62.83201561837123,18.7567157984519,12
58.67839331378808,20.54831715799847,12
62.447057698240066,23.469372283142,12
56.9560267402129,15.687532810713655,12
57.18217104286554,14.626010737827464,12
68.68435280522128,21.43630729345464,12
56.89591813582111,18.53624678377104,12
68.88793807265542,20.80524151626677,12
67.4550900517945,13.477976344658723,12
60.69154725047392,20.112623548830925,12
68.05685782169792,18.767260157842344,12
65.86453682824799,14.289061575842426,12
58.61433974632704,19.365683528189145,12
67.7305562147271,14.259593831884299,12
61.2613561100284,15.385253504346545,12
58.15462305044755,14.928502574809652,12
57.197295054626515,19.80116222108187,12
58.83494258929032,10.783732005776304,12
64.33733771352682,16.375294295741895,12
60.1095088886916,20.170527356665872,12
57.726439377498195,17.324465071333687,13
58.32194195084714,18.790858120131418,13
66.50563781328339,19.465643232790732,13
61.477764631101934,19.758171438498174,13
58.021101201389584,23.723247525900156,13
59.10792190691409,11.953458570965568,13
62.4112315840893,23.259850131406733,13
63.54909643200235,17.811681231436975,13
62.18212781233556,18.67765019839047,13
68.5048915474036,16.654191846009553,13
67.66191154978995,19.95310286887861,13
66.59688010994168,13.003258908079305,13
66.23623504439641,12.750612841026312,13
57.7412491543026,12.006702786672456,13
60.879553632311094,14.784192095118684,13
63.174914366539674,10.828487678657,13
60.69738686603216,11.587928762837402,13
61.92918374709258,14.259053969682057,13
66.54182123871047,22.69994401264495,13
66.05338783506369,20.930724832406675,13
67.66300356594063,18.08803583684834,13
64.13547070801346,23.848156579746565,13
65.62811679984141,11.561165920193266,13
66.43934225826838,16.725247808847143,13
60.80169465613355,21.31467546390074,13
67.8581855686139,18.461757650519218,13
56.47290088495072,18.045258762323467,13
58.6007140463407,15.84089103850866,13
55.96268332228503,23.794606306484024,13
63.34890939614019,17.99151521219011,13
67.64384020451341,19.710121045224398,13
67.60569513357713,16.893712865679394,13
61.47155688185653,19.19255632352965,13
60.92312706879638,19.59468614874163,13
68.24809550674149,22.05535048885956,13
62.4359371645115,18.397839031242125,13
65.13736748157072,10.663086606090578,13
65.68142469279863,15.90722122578152,13
65.16660256081062,21.973732404471555,13
62.08200507535063,16.914754369351577,13
62.28354882994178,15.405184520913949,13
66.30704478927856,14.443909846818766,13
57.91583684241209,20.825038700801205,13
67.02376313918057,16.184374472573644,13
55.697137097659386,17.795558549998045,13
68.96747915906158,21.65070898160844,13
62.841701958275415,15.22755489811395,13
59.31006106942709,21.720790926999992,13
64.52218017829321,18.87070681145852,13
65.91574502984668,16.091202638603107,13
57.822052622745055,21.013093791848767,14
58.27252659231163,16.117129030532183,14
68.02798909327934,11.498197290720478,14
64.12460733851172,12.22089433816596,14
58.487859862959645,16.76138091731689,14
59.022638434168115,19.392363120821962,14
65.14528755198117,13.464530496720315,14
64.28721759785438,13.262746434693998,14
59.523008257267335,15.994185538913793,14
59.997203325531856,22.08438682133766,14
63.178668723142145,14.683991682958359,14
60.18667098622951,23.02812414016129,14
69.02820037228814,22.45379695516717,14
65.11135179498903,16.888303481843817,14
57.29911062495592,20.109819522983777,14
60.13681590996355,14.614447247331375,14
56.31549868091891,19.79735927641282,14
68.72499880816713,13.922010419230308,14
60.145052356804776,21.226653098408775,14
68.55207056792828,18.09047587244743,14
63.12525707951148,14.706315163963762,14
66.30332031546418,23.32932397180934,14
66.94973282974735,14.171264296710468,14
60.677975994466635,17.843454558538774,14
58.92858513939212,11.473545470070421,14
59.911874946532876,16.614386452015534,14
66.81827664928004,17.557888559712477,14
69.0843287196619,15.983074566980424,14
64.94542495697196,21.822844832099033,14
58.17513926985751,17.593150591837038,14
65.78959188866715,12.980303243393275,14
58.46838860898897,22.871234052322883,14
55.47158735760806,22.870279540395458,14
64.88627119647377,10.618565705252017,14
58.66028467422246,11.099445209171762,14
67.2930429498024,24.132612331362846,14
65.98131688368102,14.472472418571993,14
58.23082439029683,23.814825719632765,14
64.91894053689614,20.789223907729625,14
58.981713144916355,16.221443433354167,14
62.14884652163148,20.660704276022976,14
61.8180935226127,20.831083830042726,14
64.81664260202703,20.96525025793853,14
67.58843703936013,18.551139757302103,14
66.87800876860095,10.693336995519003,14
55.966036259431206,15.734842109976764,14
58.00063321644303,22.18583311000303,14
62.91575607736837,19.153543047508293,14
59.472945953103626,20.340739845170262,14
59.93331668903155,16.10038471759743,14
55.570552061056205,11.386217112054712,15
66.18876041142066,17.076565281826262,15
62.29804572755839,11.968068920215199,15
63.14514425504015,22.202133014337043,15
64.53917718167524,12.961999338501965,15
64.24091989541466,17.190966714394214,15
56.7677685303886,17.37899238381168,15
60.990726692521505,17.1656224057421,15
64.16751902221233,10.609326296796942,15
55.97657046766749,13.249798464109512,15
66.98586282496376,13.516922833042662,15
63.94714559852871,23.954689993514222,15
59.996065309858366,12.463950077467288,15
57.36695737183301,22.573672574179998,15
65.76075076818533,20.079753654125433,15
57.50673661537389,19.47214944116957,15
64.15007276535427,18.477167589105896,15
65.5398065054037,15.403425923248296,15
66.57004864036243,15.112604173133303,15
57.10385304186173,19.759227773450974,15
68.80713109592959,15.233285252354605,15
65.0806617483193,19.652885109528103,15
66.55324273563153,11.052283200565704,15
60.34893038029422,10.81523516354889,15
64.40208921482703,20.32631012737113,15
67.1961697824587,22.589866863595635,15
61.97126221143772,12.807175029181483,15
62.04686202758632,22.690813144355424,15
67.18783049415987,22.178603696221725,15
65.1641363618375,16.454528768412423,15
65.98856325897063,15.661843374612358,15
58.75647767680917,14.272011318393124,15
64.81799976473287,18.01007321531619,15
63.17421292855265,20.654408341069757,15
64.21705447823776,17.73688137233664,15
59.75037307539527,20.959660439799798,15
65.39084743202864,18.474151781887432,15
56.46402460429795,21.443173669710035,15
65.58318918240221,19.43255768932387,15
59.67108843440086,23.81020788877815,15
57.65349101361056,23.587172254196133,15
57.106701414546286,14.523043017398628,15
66.79943683541686,16.574317968223127,15
61.412725622695206,20.1445833465622,15
65.24303153578799,23.641842501901372,15
68.1703557955612,15.203861584881004,15
57.328971737714774,22.084343461382417,15
60.038217694738535,12.463650363870077,15
58.148080774418816,17.390043728921228,15
57.58541425804887,18.096812118380335,15
55.50360922060741,17.793280082194823,16
66.65793450142017,17.072372545594114,16
55.97385411049511,13.164656751287295,16
68.53191401337668,20.34884817661981,16
67.32061798920299,12.957216681410902,16
56.69905296849476,21.850447235601653,16
58.880865891038205,22.58528397343519,16
65.39875900744588,17.76198533725247,16
61.055182865372075,16.652438832615466,16
63.72534178000694,12.16520124709921,16
60.63574786221,17.934040708259214,16
60.7388279830561,19.171201150955632,16
58.75515615321181,22.91134666494431,16
62.64310614967069,22.88003994321983,16
63.83287011077332,12.503543470181071,16
61.860779984707364,12.659415523281304,16
55.54274363415327,19.883982085559243,16
67.28118410625146,17.672541376012077,16
59.184770179175906,23.39626682298887,16
55.30654420959509,12.441754595427584,16
66.42423455554166,12.918299063057503,16
66.30223943287979,19.455449431202275,16
55.72969558884368,17.59583554460106,16
56.71115342714285,12.002316215862677,16
57.73273209516317,24.13222837476962,16
68.28061840914349,18.028976902717357,16
62.2533428018033,19.607915867226666,16
56.474837040351225,13.475862689922216,16
63.00988793915348,13.293277334563518,16
64.03081636209652,11.37631297164742,16
61.72836207773333,17.361888588022467,16
56.07423333592606,18.136357906567895,16
67.68355606035884,18.948455267505878,16
62.54852749809133,15.852472494573334,16
56.56930086172678,13.824951409752629,16
62.19413504870796,22.2226299265629,16
61.97760789074075,19.48093421930326,16
63.93688643482138,14.700174370874612,16
67.916737423493,14.443836508712463,16
60.68198518611485,21.300731393260968,16
65.80686194077931,11.078547467372212,16
55.838453302134624,13.126240734906398,16
56.72402521357804,16.891061486320588,16
66.58214042283444,16.43078709417305,16
55.80206943675626,14.128700498238711,16
61.56389688760527,11.922904044433968,16
63.09636502378435,22.113309422883447,16
67.34514665902479,22.015831093078255,16
62.409668052526136,16.39545599432543,16
64.3557218723614,12.569476148977568,16
57.24973957639112,22.02681103729889,17
61.503811565150734,14.618882901080568,17
68.7027778488451,12.47058548312852,17
61.687697834636026,14.196079465686658,17
67.88713082316188,12.922761324577383,17
67.11355672302324,12.126891627542307,17
55.25467236782438,16.388496299404217,17
66.48894370598434,19.018001766402268,17
67.65110365961122,16.731067860207887,17
57.347796745267445,19.761822081780025,17
58.89810056642377,11.440921066906544,17
67.16599864631266,18.63988842585431,17
66.54529533870534,19.34312248642714,17
58.77767162281455,20.10614936336506,17
67.24631857034109,11.954398520028933,17
58.304041635280626,21.385591536016307,17
61.502262977050286,13.434953664105898,17
57.084708797543236,17.742771775930933,17
56.969111056580005,10.756406842141876,17
61.072355916289276,22.538309648566162,17
67.43601857959773,20.83807398175786,17
56.728999512509695,21.59614086978911,17
59.6794875482937,17.425504124190404,17
62.784963169360296,20.550906141540104,17
61.736356668274794,18.159513400687644,17
65.33907218837018,20.192056604737356,17
66.93872176816953,22.621803432564477,17
62.98876563292845,21.680766823594833,17
64.59860656181576,16.838327681912645,17
57.65418873007565,18.642011861506155,17
63.51449472386114,16.32960300974794,17
68.68069459713773,20.976180901403875,17
55.98677938485619,12.563906623818642,17
57.95257183973033,18.0499563669677,17
57.95552915250414,12.794333488931255,17
59.70040029787866,10.669155082789334,17
58.37720439004735,18.563904893017146,17
67.44439842634745,21.715885931536135,17
56.376405377281564,20.227075651113164,17
67.66462203642354,23.012435465015994,17
62.53870782217089,10.984914557098183,17
68.71973054146407,12.282558949882466,17
65.40575388231804,19.501719450160778,17
65.77098250086601,13.793970834064321,17
59.59750288492473,23.053823019175976,17
63.19439937530502,20.861275339131048,17
58.57623089364767,22.137725135446182,17
63.274457122461335,20.901840952021516,17
66.38851183792701,22.14160650353836,17
60.21516144211303,19.953649476567087,17
55.90416022178621,13.771765976680996,18
58.01355065683168,20.94915319117865,18
56.0134699336726,11.020842618137358,18
62.40698059168737,16.03742343458988,18
58.12801102265064,17.804546819005868,18
68.04745077365678,22.65021781860761,18
65.96180351290224,15.479060842020573,18
58.47113050733517,22.356534500348566,18
66.17967910227749,15.072902484823608,18
66.95374528517641,23.311551301623815,18
57.3430630631298,17.506630851505435,18
66.47207014951701,23.30719799446429,18
59.43864797620078,12.807216411742164,18
55.873421447604905,17.24004260538635,18
62.607832260302786,23.259667907349353,18
64.29029364850332,20.87878863004602,18
64.79354776644807,10.784476490322053,18
59.146256673619135,10.665880727108439,18
58.247711628165575,14.731217440277678,18
59.66739581537561,17.219732727924043,18
58.51437431429972,20.5088274143272,18
58.24930440199284,11.3355165978114,18
56.86479170823197,13.003770854395192,18
56.99743337270712,11.162112378004705,18
66.33738148098736,17.3392498973433,18
65.17684812551448,20.834651130365266,18
68.79255174091435,16.772253956413696,18
60.86004995156169,14.369684209590808,18
65.1520841122467,16.90973931331576,18
57.16010186229497,22.11639417574372,18
62.01443064910221,16.455877384649444,18
61.0481381006679,17.1463799808463,18
61.050037305779895,17.736584876839494,18
63.077569431587456,22.430497034714186,18
63.05627147236442,23.317230709342724,18
66.6166334178792,12.347679151196825,18
57.33343817652272,19.41118851024889,18
60.70532266723482,21.97209313403803,18
61.88715031066334,23.677714156709055,18
63.114974882880226,17.40397542847876,18
59.1949205126697,23.899159507808097,18
57.92297177321837,19.60737604011263,18
63.54150900521145,17.077468487558704,18
61.03962758660712,14.110741138573477,18
59.890120420548875,16.32443524641938,18
66.43365272485366,16.028203607311813,18
59.362747880016734,23.63743380462097,18
60.19321886141975,11.7962694655234,18
64.33124559856297,23.24807633122225,18
60.735324939214465,11.564231276953475,18
59.9440619431469,23.283805514298244,19
65.25879158722307,11.093285402461385,19
56.85306957128903,24.034261056475287,19
65.97747774207522,24.180731546679535,19
58.709603508337906,23.259526870140803,19
65.07797884242736,18.572458193779624,19
60.075789230624494,12.203692498857555,19
55.66176273647646,19.62882438688166,19
56.81832064373669,18.95670659183019,19
65.71054711680212,11.294963535867696,19
68.60858164333597,18.029995248402617,19
59.5483841568696,20.810316644049983,19
57.8366055719632,10.872238112719183,19
66.30415933126162,18.0468503878092,19
63.092392594352,20.074218724499886,19
57.45244869387495,14.691489331489151,19
62.213137358588945,12.924314260439342,19
56.088550717466596,19.71951078980009,19
65.41936895049925,16.0678732890051,19
63.058741173616745,22.12559652129358,19
58.188962388130896,23.369683690325207,19
63.37441699054737,23.683731661387654,19
67.34583406292901,22.904615778692943,19
58.98472947285578,21.067712821484736,19
64.81117460945016,11.100448225596399,19
58.77460543528161,22.839271105208756,19
57.94286103074062,21.085995192953074,19
57.210283842631874,16.55637359762307,19
63.27672813802508,20.22076225183011,19
56.954184763677155,14.44640868939679,19
58.84414168956078,12.04995929174133,19
66.73504228392045,20.628106999437904,19
59.00518537543354,20.872184158368206,19
61.31732642870567,14.975251879934845,19
65.78532094555541,17.722880735321013,19
62.74272327454797,19.85628226226916,19
65.0999624514573,12.470045620768353,19
57.41783755500739,18.275085639011586,19
62.00442410168235,23.18717869215306,19
62.560396078298766,14.167893262500911,19
58.35274188684865,18.670395364590327,19
67.31682512800833,18.42205957904556,19
55.94905185207989,14.283798608433694,19
62.34935033927758,20.6647698805485,19
60.73564081525834,13.073787381422486,19
68.84928921224824,15.945387193884645,19
65.91447084365252,23.90155487422463,19
63.67886292141538,11.890967378294222,19
63.42800002711009,23.91865159351694,19
56.54194729980442,22.63071291338229,19
61.15278574784263,14.888552881349712,20
66.93920715155808,15.837013068685085,20
59.60390985200301,10.82488073310591,20
61.79825423734833,11.800477972484511,20
66.92276587559569,16.979800084484147,20
69.08559000442042,12.055117172226996,20
65.84939222075322,23.940483229509447,20
67.62581476820952,18.371814568529864,20
60.86779932516514,13.16592648414114,20
68.78026186201214,12.936917587219558,20
67.37221274150335,12.18947993776826,20
55.46944146848854,20.582055937744585,20
57.87045628392614,20.240754665401553,20
61.362803860312724,19.94834737586472,20
59.13521078786779,20.957975755430823,20
59.451667092137875,19.532345927541442,20
66.21170267411954,21.685280962571294,20
67.77943522138274,20.951050078247988,20
66.2803325365097,13.630509140970025,20
63.45418699164102,22.20953169786742,20
57.113984929509236,18.38077727335139,20
63.881734562858874,20.338529796676816,20
59.152263250392735,15.995038974837763,20
66.7571557599493,19.852201041297654,20
64.96911592598507,16.069769603936322,20
59.00919399423076,18.06445173823959,20
60.59989742304266,21.145728163001785,20
55.898032983507456,13.432652820446187,20
58.9843687331865,17.92406636275232,20
68.16666930812396,17.02980464703218,20
60.26930573038656,19.348818280997,20
63.62241639360074,15.803328296060132,20
59.31264369227206,15.176253826583803,20
59.9681171021844,16.21430192670626,20
60.30415795529352,14.926377643939258,20
60.74270138117544,19.72766649828386,20
63.982961248188715,23.25368177070162,20
68.0207924275353,13.44799601383896,20
63.40901279198682,18.69032549292382,20
63.55270654615768,11.513366429919271,20
63.23540823956971,18.50809597959539,20
65.26036195435137,15.749745219549805,20
57.15544391009985,20.92776936517035,20
58.247759588054116,15.916371070601286,20
64.07586161525067,19.80848874615714,20
61.11486169958247,23.88625816115443,20
57.37348087289493,17.774796803465343,20
60.593047441755,18.84153439200646,20
59.144997755262175,17.399902072491038,20
68.58560650183483,16.746814575896686,20
55.64243270315384,21.77434675476031,21
55.49976104636117,15.820120855622871,21
60.08843866510639,13.316909004507904,21
65.95241620690314,15.920783719795935,21
55.436308236431174,23.772539962214275,21
66.72087051499565,18.723880703122802,21
59.8578123958563,20.89590204960721,21
62.44770158353213,20.128105146542495,21
64.55268042882427,11.847941756179425,21
61.13434655387339,22.16531411864804,21
60.936943277375576,22.952462314238083,21
62.47058225016045,21.042560895747485,21
66.73026170746657,20.83919692741553,21
64.0600120974904,13.389486804061464,21
61.84454144604062,18.536613141643006,21
68.96034858375391,24.168110338710335,21
64.82853586400354,18.773150278226105,21
55.30452528254545,22.40272586089392,21
66.64618607853298,20.505729385399608,21
64.87749586526328,15.84799011661961,21
62.24576093487944,23.615008714099822,21
60.33354461824107,11.482685343787624,21
57.857405976234894,20.986911991291635,21
62.83791574920332,17.51215647702682,21
61.954470494889804,12.706730187341613,21
61.28483512157823,11.444059506512087,21
60.20497100623064,20.096992596776126,21
60.22943370226696,19.748109162856203,21
67.20206666232049,16.407323670751165,21
68.20522300020684,22.84437367477306,21
57.73886116415171,19.556721564049557,21
61.97271462932525,13.85451205757725,21
65.27613437444481,11.43937549102207,21
66.70050906908867,14.583355737193289,21
67.93396813576781,23.99792434642833,21
67.39405391373971,16.99198251021824,21
64.19675660128595,17.69302841044009,21
68.88297277312407,14.448805256614758,21
64.68676128835375,19.024595903666885,21
64.39729662811986,21.49488331476964,21
59.538978976739905,19.419780763340377,21
66.92132495459033,19.03887138071901,21
57.0818780373563,10.930410723285734,21
56.07978818133258,19.99501557296836,21
60.04801858480821,20.92871385029472,21
67.36136401223874,23.596554495064574,21
56.94936250428709,12.512657465295856,21
55.26171257513519,20.215703512569426,21
67.31996249047954,11.128814780004438,21
66.82751465685178,15.580577294159811,21
59.70848819532044,10.989229146774798,22
56.71593609963933,21.89296774802758,22
63.65038497129291,23.57909536523359,22
56.26827232055323,12.39719799047122,22
59.009761381733355,12.772201158149493,22
68.69084887580954,12.371230226712257,22
68.88544671913365,23.293041272621934,22
60.57467935380766,15.942399099490318,22
58.12711293475574,22.537709792658656,22
64.99015032807492,23.053444067675688,22
65.42994436733926,15.568672968572299,22
60.10754178114689,13.175467285405272,22
64.55189677808013,24.071194094924863,22
57.957077969983544,16.056358435765997,22
58.62485535265851,11.320569266555507,22
66.45467431756894,17.8683403702535,22
59.244049112610625,21.927474442171288,22
62.57984244385852,23.436862588431786,22
58.51823658116029,15.592267307897647,22
65.6577959101916,15.60509980374843,22
65.36913030315375,18.581133363040422,22
62.06158340636161,19.102477401191297,22
66.25889394191852,10.852156627376834,22
63.999695156996985,13.270359254833703,22
62.14292328878556,12.34621956780667,22
61.61004112540976,23.999734823676434,22
68.97563624848486,16.0610230878636,22
67.46727505496018,19.257542910543634,22
66.37974385202213,15.133749251885774,22
56.58759861309211,17.451101114331927,22
62.257774015459155,16.62269457352772,22
58.42680902448179,20.756241570487347,22
62.9178489928759,13.198002420269027,22
59.41762560610036,16.93779885873744,22
64.82963205438487,20.391308288225424,22
64.41243181901118,17.429730967124673,22
63.02062968928463,13.335695758749416,22
61.424562733027,15.990591875163108,22
58.4560242478164,24.081396052024143,22
64.0133363257401,22.84167256132291,22
56.64054958907988,19.981665557343675,22
57.617498686439205,22.607100259526682,22
67.5592518386302,21.616214664014155,22
56.409059259117974,15.562903945087719,22
69.0701189043965,22.425054136790486,22
61.86049225463287,16.600568464827077,22
55.71877658751816,20.251459843569883,22
65.33360102873438,16.872968741584607,22
58.568775864296775,15.907552099774431,22
69.08028639724813,18.81645877689252,22
64.2958979595078,18.139955505390624,23
67.89543407375093,23.992773579621883,23
64.16508978501906,17.871272197215077,23
57.1817616692712,20.198553660617435,23
64.23654079450873,13.695934667333258,23
66.5887127722352,23.05643879938028,23
62.30722965975457,18.881056355359167,23
66.89417052487372,17.119996833160016,23
64.46795853831512,22.805480718627834,23
68.35649441131967,23.458524149919477,23
62.53164709065603,22.764851663591017,23
57.92072946939113,10.89781027003422,23
56.56553652762987,15.743612447605594,23
67.56920674888566,20.776409670212235,23
64.0063250588503,22.308966631765117,23
61.3291244025958,12.25797864718262,23
68.67286808552359,11.581118913572263,23
57.601255860609534,13.370905931938172,23
55.755687422116765,11.947603538143547,23
64.76446537272966,18.013873285604767,23
60.74549907875573,19.074427896916077,23
60.289683865475794,13.286925787782192,23
65.70530451202157,19.78011496007008,23
65.37544521037367,13.52773903572785,23
65.57277622222995,23.7805912316362,23
55.45073229848361,19.626829078736506,23
69.01885113882628,10.815740012684042,23
63.600864248226486,18.375754962180213,23
57.91409441839603,16.045198130287584,23
67.51015570438736,12.833236695187072,23
67.61945629554916,11.949016016435833,23
60.84036415039002,14.754745606060588,23
60.36938000395244,10.901514884773052,23
64.33093904558403,23.865475324839494,23
62.5120336132505,17.13408098332069,23
65.01076494934759,23.365339350546748,23
57.472199760738036,16.81326450091091,23
61.19314066233473,17.505575575025638,23
65.17652532497027,14.200538485913007,23
61.183710359857,23.669258934171253,23
68.86980164021097,14.625819942966986,23
68.31891933568205,17.95634422727545,23
56.53383623107112,21.954889089434637,23
65.16367645965629,23.41648227169219,23
55.20069530860401,19.23757130393239,23
56.830921121118905,17.087963721101676,23
59.70301009455503,15.262269339812168,23
62.76369639166284,17.797127693197947,23
56.10170496020141,21.630080527682313,23
64.045482048812,18.01027909784367,23
60.930427291945776,19.311251799586252,24
63.29926162360657,13.180335222060677,24
68.52313918233065,23.400760150225814,24
66.2781735361056,16.162546973502824,24
64.52969320225853,10.995281412009247,24
67.58325379091893,21.776215013059428,24
65.04160384798388,19.056290433657544,24
59.316531219190324,19.065704825377956,24
61.46707079907003,16.29228848568429,24
55.24788380251753,12.900665802221257,24
67.83210826217801,18.888603041519282,24
68.6939727326379,17.00251394520578,24
68.00430162524766,12.37948000309323,24
62.84441944207868,19.52940995771597,24
67.09621524633224,18.55844858833044,24
58.534853555745734,16.3863539476905,24
63.3219905177635,13.725424021514526,24
57.80857452480378,17.242449377768892,24
55.402662058066326,13.11589305375798,24
67.8952408584405,20.98024525150479,24
56.77223572949088,13.20927792228028,24
58.579604977839296,19.87640026327739,24
64.47812289706495,20.18985564810287,24
61.18541384779112,12.48160375423454,24
66.28188312039066,19.263469936814026,24
55.227383750813594,15.021858774152985,24
69.09247960454124,14.336901673850942,24
65.18821384629543,13.2327912330396,24
64.93973466340259,23.68422490462539,24
61.09511073550676,11.169977924467888,24
59.40976048270663,13.711846072728392,24
67.5455289548718,12.898912182540158,24
57.62756636705486,18.371250715851488,24
61.963149620901255,16.28319386042056,24
67.99895202926481,20.28630667295068,24
63.36697674784291,22.174183621111414,24
60.71390243555684,15.693462176100315,24
61.544919048566,13.707947602136565,24
62.03667000125204,21.821895956187383,24
67.63293204462818,19.25710270943314,24
63.559806970295895,13.703725095025463,24
65.75499346504026,12.803281839752938,24
61.18016690439062,18.14827071996955,24
58.47081505549395,20.52773901985225,24
62.560882153851075,17.902954836896722,24
57.49987934975173,18.380820167146048,24
68.11567798284959,18.867350430882812,24
60.49512577860908,13.784783611361203,24
55.23904744587671,13.739360339102028,24
62.870689086650934,14.582508418292717,24
64.99467087865678,15.487571827682476,25
65.89451298664555,21.754739486415097,25
65.08751459928972,16.67388409165123,25
68.70281524717842,10.648988025557495,25
55.96619404985412,21.348254805296506,25
57.11342276444767,19.29791019296261,25
63.040768677885154,22.77856139216487,25
62.407550141681284,20.55370936646437,25
63.31573826322688,18.66563554352924,25
68.1628925907026,19.169648570378307,25
56.416964377233576,13.942055040814516,25
67.03528063731808,19.25966103891841,25
61.90452888066049,13.097055743555538,25
56.87111808545535,11.60228623071621,25
67.53524559537402,18.634158066209068,25
65.82495092254946,12.026631700972429,25
63.69104574459781,12.403749593504983,25
65.60401511390444,23.962178103590777,25
58.064548648668264,20.770394239394243,25
63.84773942832604,14.404645040660148,25
59.03916967430994,16.913720211306757,25
67.04805747167873,11.61543526483541,25
65.47180711210044,10.663481897853321,25
61.54841729690804,12.384029968966368,25
64.63299028434685,12.16169292288192,25
66.3468906308654,12.176037363198661,25
67.72599831881065,15.298615204716796,25
65.44068162217572,11.649358187517548,25
61.64862236980103,14.721564313163432,25
64.71001693280547,14.19023055011471,25
67.98548154852084,17.569165877771642,25
68.06970836242284,21.681872301665084,25
68.78786303922247,11.523250558977548,25
64.12402029841076,15.470100506002257,25
67.51744454679852,19.702843832640696,25
68.81618308163321,23.2342415144276,25
59.91239451876798,13.600731526724054,25
64.37475214273584,11.444094938310261,25
62.07260426033609,11.420045112468092,25
67.80277319120775,20.2796637985885,25
68.70081882589122,21.336576915720666,25
63.64228147838954,11.405695518340869,25
69.05946520228063,13.131191815045634,25
65.8573376792781,18.68683599092811,25
63.986221589685016,16.936935210157095,25
57.834591603627274,18.880448400259787,25
61.813948550507405,18.632327154879302,25
68.09121842782481,17.155224028260534,25
57.71621380233964,17.190358203985173,25
64.1233761053025,22.582944121672853,25
56.01439186355001,11.75082668686451,26
57.380813845150925,15.97670365694082,26
58.90451332623785,12.577719228050166,26
66.63054552004074,14.703948348817635,26
56.712307213516716,16.57328413750682,26
59.38494125580174,22.336292835093438,26
67.99988123511181,21.6855033228962,26
67.04031766691693,18.56955016695482,26
67.39677695407799,22.363576043870253,26
64.0817972752529,19.056710967832863,26
60.20007018350853,17.867814926435344,26
58.026250007311496,18.662688687007346,26
65.2988073273579,21.37126883340499,26
58.60353058938308,16.842493695322286,26
61.73001384544133,13.285905805656295,26
68.08265643725954,21.937215271628943,26
67.62675508862011,12.055831516322698,26
66.61465504001569,14.55096632188459,26
65.0850333205935,15.592686183093932,26
55.40645670030273,22.511744739796555,26
63.28901146990252,24.143375642357867,26
64.07327744531186,12.31469101898725,26
68.22400623958788,17.85390121420632,26
59.891773869243245,13.840310555842606,26
59.38290556503847,23.394337226213747,26
62.262748569299305,14.247885235910786,26
56.6736888880583,14.269774546962001,26
60.50599582475367,19.834083456895417,26
64.5264341886903,22.280491589588145,26
64.92059752242089,22.993286279095173,26
66.56536669092655,20.46548059533298,26
58.17980705506864,16.388666943634533,26
58.672337814178555,16.30454884229418,26
56.488169054159115,17.341981816964562,26
65.32695675431134,13.279019074613206,26
59.02747566108963,12.261157633364675,26
56.22877045561494,18.957433380695036,26
64.50421275298021,24.026896399740433,26
59.314252865639325,21.967762157958905,26
66.8875226543854,12.319035478137387,26
65.47180723099373,16.897952443491977,26
55.376786188003486,20.58035923688412,26
59.84240469658765,12.264963897988533,26
63.62669307450891,19.824122386501173,26
68.97676404692302,23.809928341773112,26
55.4323723054914,17.963411069834102,26
62.3473179446706,12.528641392261228,26
61.752423941516305,19.223196643495413,26
59.203563036462924,19.385015978436677,26
67.89967025535057,17.069716920245728,26
57.23820703891388,14.874361016135637,27
64.50145791400323,18.126525693949006,27
62.980893220318094,21.95139305179982,27
66.26817156463032,12.739725850614553,27
57.33003010864082,13.850717245607079,27
56.52450167672982,11.283893740933573,27
63.518965865439974,19.18350512312362,27
63.70790717838966,15.595036174907253,27
62.7609603569393,15.706976965014208,27
65.49237282166662,17.555654129190735,27
67.11797111693176,13.541699547122358,27
64.74144086027738,18.13638329514158,27
65.00613478945702,19.988107089906578,27
63.97534576447977,19.9410498554359,27
63.734002417126085,11.715134598206253,27
64.30662993251377,20.776213281751197,27
63.45865039433902,14.029379472706768,27
67.31794848812754,12.65041564170986,27
57.76705312072131,15.57463163810949,27
63.83223070323585,21.57015225499712,27
63.484570284373845,13.296377443474572,27
62.17764568180583,14.901368150262755,27
64.69776444905915,15.404691545698249,27
68.50888967219993,19.4590829392256,27
56.55231008915743,20.968955125117297,27
68.84513482962723,15.465027048134925,27
63.52157929368787,12.37937208212644,27
68.4475218640527,16.76271483341456,27
68.555266262619,14.446358628617919,27
66.60874533283683,17.678405328250882,27
56.759110109450056,20.055184302360097,27
63.11778476101861,17.128342474628884,27
62.189764532237284,20.522511442427014,27
67.48027703956268,22.240434226740494,27
63.87899761078059,10.924050781131278,27
56.657807664994294,15.43040851570963,27
68.24359919214812,17.083190396641886,27
62.73033297378717,15.834627432561605,27
56.67680973506366,15.280980644180051,27
68.55895750518282,12.945771425598743,27
67.13366334972949,23.05433245147922,27
68.07564639033544,21.485433696663264,27
61.7994529930299,23.884170986710593,27
57.46563282932049,11.732320933445802,27
61.05305817619291,16.526718585424568,27
58.0051749985884,22.542582872341896,27
57.11494441102064,10.817033776933986,27
58.8492466314938,10.760971864031564,27
61.09764544736291,11.02915778597458,27
67.91688022393804,13.209881444555556,27
56.63552495104125,22.709108968059613,28
65.16339351551615,14.03613110194696,28
69.05001748927766,21.666094985278544,28
59.90062695809249,14.451209768491323,28
68.15496907076326,23.95570283137645,28
56.66371650706092,13.399399509989136,28
62.81737006811084,18.43862937971985,28
65.50208594553222,15.68059564639476,28
56.38414977088317,18.603204362407993,28
69.09651468130673,16.482537295428926,28
67.88157916361762,14.529864449411255,28
58.04935567633025,15.33702386153519,28
56.348106046479764,19.14323504173435,28
57.81833488803228,19.486378388682468,28
58.236150097257706,19.974298444239288,28
57.334704334150395,13.714661654873765,28
59.03332123730223,18.164720423625912,28
68.12720269508699,21.462050080348625,28
64.68778990529655,15.035952947834298,28
67.3886026503557,18.910148894335244,28
55.49881245634131,17.288633313763974,28
68.33726120270212,12.159932727058104,28
68.91355267874943,11.575996144425963,28
63.101372592631506,22.57587266451829,28
66.79782319469865,19.966390681626493,28
63.74781681513755,11.061638945717117,28
63.450418774266765,13.507880976758138,28
59.99992840447175,12.231739987479756,28
57.21726466832446,13.215339219377821,28
59.906794508960104,12.968436471619475,28
65.00758591786385,11.088947549401503,28
55.38907750896833,16.96449591269388,28
56.440711304200946,21.263182210426194,28
58.2485137194355,22.33657849516771,28
62.57602943130695,12.753818332140716,28
58.77229146996928,21.58242352266662,28
64.67237813101708,15.13151332187148,28
63.41582115913601,20.659918181841384,28
59.45320261872319,20.92737451779983,28
63.93586077080498,12.887881304300029,28
67.23357325310593,19.459587202889587,28
57.347049160577576,12.343698389530905,28
60.756731545278875,19.769015297939493,28
60.039748688427906,18.71509138991984,28
57.007312408713354,24.198771242886114,28
66.31356161192404,15.559256597297049,28
63.48832444906494,13.325198435935231,28
67.10087637770147,16.987601776460473,28
68.83088813473154,23.75148819829173,28
65.18138988686836,21.99442658616691,28
65.52307114675459,14.975149219488632,29
57.82733778185834,21.29726248577586,29
55.40105230451379,21.873270579198234,29
67.43594280218856,22.306342176472064,29
56.62792622206192,21.596685672329887,29
67.37977939215064,15.182980105229404,29
66.40348209136678,11.896046358028215,29
55.80596685704525,24.09478760813203,29
66.42698795344648,10.763602945744276,29
64.1640683224417,21.432517082561354,29
68.63303553606474,14.455973660578172,29
64.68495007144882,21.927376807269958,29
60.0817905217583,23.603901185481533,29
68.34704981344699,11.081114998376826,29
56.258292093208176,23.53837103976485,29
62.587442561370295,21.449687536914894,29
65.99584496025918,21.530347267958096,29
56.662757026628604,22.797196977592662,29
56.40013938933139,17.882722884594084,29
55.464236227519905,23.34945617130607,29
61.24694695424559,15.595995623408292,29
64.56010816515155,22.902689422823045,29
61.00353789598637,19.888444177749307,29
57.06373569524591,21.71226280276047,29
68.15078728297905,22.9976987260507,29
65.85835591305161,11.273305675682662,29
63.75152771885292,17.619193399765923,29
61.33285997630979,15.491647407951064,29
63.88309682499637,20.80540251875045,29
68.44523010007723,21.368270284428363,29
67.24892593086983,18.545056781687155,29
64.76126082826818,14.578445828773221,29
64.17295254220187,19.558041980179105,29
64.94928952161791,15.687892011760947,29
63.666419759646885,19.072210736905987,29
55.87415394664182,19.56933755060562,29
62.50344516348968,20.0944978222202,29
59.69568204445782,13.682418510415387,29
62.855968776980724,15.972820044556903,29
58.627682106711404,17.00007800132345,29
67.90260345837079,19.83183709861199,29
63.52310476467947,11.714793998375447,29
55.70909486878231,16.111426720992547,29
63.81114378088457,11.701924131931147,29
55.65359563103807,16.31338564540191,29
60.89998971102066,22.795282518917187,29
57.24065685571341,15.057313529344148,29
64.89379499026732,13.401315270183545,29
59.388857278072585,16.041312315606167,29
65.27940173706514,20.94837329996779,29
60.4617628613591,16.575876917537045,30
67.92182896176513,20.96839786269529,30
58.28069923151867,20.410771043090232,30
63.37650792210236,15.943395098691475,30
67.21464391573059,23.443051935317392,30
59.461288687807716,24.141654559079598,30
57.52655407758388,21.773702811205972,30
68.75721489861722,16.45921613424374,30
64.19004334535714,14.679365895370985,30
58.50433642301181,10.821344690202121,30
61.89140196571607,12.944907645436766,30
59.32917906512939,14.710758398816782,30
56.316247793375524,10.982892495412786,30
67.20586843297413,21.869847228081156,30
62.48665176584981,18.469102805325576,30
61.68722305326385,23.676013109183266,30
55.281762586760955,10.926571805260998,30
68.89954503645073,15.000171239603501,30
61.47223690197745,13.727847096124846,30
55.875642201474534,12.912659470790707,30
69.09916461653515,14.996627764392034,30
63.793385179783876,21.78385422184815,30
57.883295869410084,21.029599703472606,30
64.85717879716367,15.374131134854338,30
55.48541295706005,16.596173863249735,30
58.43425328121652,16.028905786593626,30
58.220010783429935,12.16212975357744,30
59.75207679787288,21.303505233114876,30
67.08211012507881,19.447214102010825,30
58.24139792899015,14.786469805580076,30
57.46210624148936,21.48463410657446,30
60.29475760649098,15.424303159096208,30
64.26146387922653,23.590283643112407,30
59.21862419072808,19.723519441867033,30
62.19900260587613,19.946250006844426,30
64.32814965694176,14.315146762878921,30
63.974522710384946,21.22872730779124,30
59.803641621516775,21.028827680069185,30
63.679783644763575,23.210149606312346,30
63.24206450739553,19.358862668754924,30
55.9748820688264,16.597089667464623,30
68.16135363524022,17.39232419402706,30
59.63174915584577,14.04528881686267,30
57.660517681518336,18.912075335526175,30
63.291958627227864,19.830257130820655,30
60.09724364362439,14.500184691054406,30
66.85996401014802,23.554799572894026,30
60.33990495618919,15.793772879130277,30
59.3148610996463,16.241833055164896,30
63.30977344186633,19.604028338739088,30
59.60897662342895,10.865916699945611,31
69.03616227312219,16.361933675362536,31
57.311118352444765,15.512767952250325,31
59.01040302796494,18.63121967920602,31
67.33515875942793,16.81965607926758,31
58.83301050896831,13.51128642563126,31
65.82453913436038,22.006314503598695,31
59.69040871480165,24.047952159055086,31
62.0457676865089,14.91339028055176,31
62.372433369578175,10.934540604366301,31
61.12499798918179,13.220441655225416,31
61.720951553951664,17.825748787377968,31
57.329007480038044,12.436665084593885,31
60.46513893431789,10.710097675255017,31
58.069958456612845,13.9230873174666,31
58.89824170521689,11.622808246326876,31
56.1564694225154,18.16657478225646,31
61.10093204755953,18.06600354848246,31
59.88594784025712,20.192723538277306,31
66.47233239193287,12.147465505059811,31
56.19314119112859,18.728769877330063,31
60.8614268927033,13.61279113209495,31
58.10829189320724,13.999643813119107,31
65.38062845803671,19.905070207043877,31
66.32161643913581,20.285898106503318,31
65.70651692421517,21.1268258664984,31
57.643979275241065,18.538302666151353,31
58.90168602962781,20.098857828062563,31
68.40279429736462,24.087273430973568,31
67.32294479543175,11.504526552067,31
67.96600083770772,13.931186409947106,31
62.00108604475641,11.155525313347168,31
64.88396174372767,16.704371053490515,31
68.56193817239546,19.263594876516045,31
60.98066792650209,14.547095785647462,31
64.1471146780933,18.7133396282174,31
57.200884682664416,15.518828111302042,31
66.74027591094176,15.748124494972135,31
61.718684076448454,18.214530623083927,31
60.312420919885874,19.582009290565445,31
60.445345720905785,12.436175250159904,31
59.87671834394498,16.209271433208116,31
63.03903347908797,14.888116909237285,31
55.989299304389164,16.090007252487347,31
63.58442275319406,13.03597113093081,31
68.5889061757479,17.192044271943033,31
61.37119931696747,20.295611703060576,31
67.56985603507098,11.818428694893024,31
66.1789251399271,23.991662431687388,31
59.73563914537753,18.77228739030192,31
66.70469545336398,19.09521410032405,32
58.02941109113983,22.169691630079168,32
66.4386348166296,13.91095873060132,32
59.581504899680766,13.561557116097188,32
68.61034654187955,14.282526245788706,32
63.2290662313133,17.35364075138178,32
65.89964420854196,21.4931492316178,32
64.83359080592372,18.76868336789271,32
55.34708748862318,21.403584898368422,32
62.0197660288832,18.452034157618318,32
65.07979822367021,22.7391269831394,32
68.93346697192547,20.453691357370168,32
67.11705839643497,23.80453929608017,32
58.89540225220218,14.526453017671473,32
61.7668269096653,21.74330582524561,32
68.45659504778313,23.02923346362401,32
64.55184093412532,10.861383283461366,32
64.39460531170883,21.310357667753067,32
56.62456917900844,16.723191285202937,32
63.98801141003574,20.224595372875672,32
67.61382036616612,12.954004520772425,32
61.42301766708779,17.319133415505256,32
55.35131965230042,16.200103177570902,32
64.00778675541771,20.241323494500712,32
66.64178080193776,17.810904939497583,32
66.99498884472685,12.252581171858377,32
55.3877086040475,21.917078646180077,32
67.56069963854003,23.047176725347576,32
58.19437210664037,14.872607506759476,32
55.980061333220725,16.25318974941904,32
66.41877094883546,15.946292525629383,32
68.14304681308344,18.844578592672853,32
63.42300764806309,19.73467937633574,32
66.78898171276911,20.592520299564605,32
61.419967106885025,19.998037693627438,32
63.93428050063804,10.65685374599502,32
64.96965105887026,12.978880501560067,32
55.35441231249376,13.496313186428504,32
60.77148660322123,22.06380719229805,32
63.80997667727257,15.159701083677179,32
59.441901366383824,18.27912483344004,32
55.52727851743629,13.088772584483408,32
67.69370380832203,22.62544303757995,32
68.22409747947331,20.417805197037957,32
66.06393627772104,18.33379623684182,32
60.541897992301585,13.850209141366284,32
57.01735679559323,15.09097974664443,32
57.483213028992665,14.009161578937219,32
59.91366844249808,16.281915819464743,32
60.95683281772165,15.298027695810296,32
58.689262731219635,12.838291970136533,33
59.74023726105844,23.677718661113765,33
63.558658526715966,20.14101766174266,33
67.33811444321049,20.316973618778412,33
56.468297121022324,11.474998551166866,33
57.472003086050535,16.82882771237072,33
55.54128612838626,14.806598834502879,33
56.7601687847437,21.092679785251896,33
60.17983330312772,14.78375046138411,33
57.60898608934724,18.86131007323386,33
66.69978216702575,11.643524878154505,33
68.22735598446512,12.866885242586084,33
63.34712753651435,11.862065578138855,33
64.04650076291284,23.45008367826355,33
67.12961186961057,18.803264606146044,33
66.73736567492342,16.570968552176794,33
55.98812169494548,23.881907253098664,33
65.43453179764579,17.738059988323094,33
61.88553263297564,21.725527174991754,33
63.702018661273485,14.543856330783424,33
65.55420709428226,23.35642066403077,33
61.49357482978241,17.530099607644154,33
68.03815730134633,18.83769252583165,33
58.199241691608826,17.331782068797057,33
59.032720485438425,17.479310235678113,33
65.5127983398529,21.47208091131941,33
60.48459846971382,17.270846397961606,33
64.87198949051717,19.4943360759383,33
66.7789049240688,22.847927763333885,33
68.83681605891974,20.02283386104306,33
57.483723620541355,17.93882757786756,33
62.192487366450855,14.715852251444414,33
65.48766378776654,19.49920672739784,33
56.45426999672026,23.696670022409407,33
57.495124438072594,17.307048375580088,33
58.44569127579149,23.456008866849295,33
55.795145893848336,19.750087412096455,33
63.013703849142246,22.780815827442616,33
58.927686971630656,10.82158171343966,33
55.41255630458661,15.88850281316373,33
59.4933714160505,21.892556682437505,33
60.95038063865057,14.926769970225394,33
59.53439749738561,21.586421968019685,33
62.619952766455654,12.696074571926042,33
60.679494529414264,17.899354348311025,33
56.27924324090379,16.576962251884268,33
57.36245313710843,17.44056160374123,33
55.369526582834325,14.835559329129623,33
55.952461230748725,10.948690585953253,33
58.45274641581149,10.657928716902006,33
65.37429755414448,21.579351660665555,34
56.660105265808134,19.89025133711846,34
58.0834201744327,20.785044552113455,34
59.73178202425412,21.318368369669862,34
63.30511031143482,18.46906376412442,34
62.643480781533256,19.271335667088834,34
61.21517909247801,19.471905312273115,34
68.5649425921679,12.590556903439051,34
60.348955161355626,11.302526460001172,34
65.98255398546272,18.958970803427825,34
63.456162150968055,12.337689251543923,34
66.01296931380249,10.953107488044695,34
55.80849068713655,18.403677331643642,34
59.43991434130293,13.21076121715906,34
64.66527759381273,23.239355292590304,34
63.49378580140019,23.210043414975107,34
66.28393575562578,22.48915907037312,34
55.95319582966751,22.57653003498542,34
65.00480029702504,22.97699184938152,34
56.07795235564287,19.98597636239672,34
64.03931852041549,11.998939275264936,34
68.48988450615228,20.180188505474966,34
63.42860304945543,11.316645833736702,34
58.23992652523642,19.889892615044012,34
56.82007125514931,21.391032737000245,34
61.243853213171036,14.719014862908942,34
66.76284659136344,15.97881988133223,34
65.30440420165836,13.67920801152231,34
60.73401522174628,16.66165637042497,34
67.73521441196793,17.397841798164627,34
60.59630708204716,17.38500398167285,34
59.283800063778656,13.269056695360021,34
62.70792064177164,12.521847149519333,34
66.87163225773372,19.746274520267185,34
67.29697558201804,16.58516565570091,34
68.81836127366563,17.253218541840933,34
55.471066616074346,16.700511243964048,34
56.518855864673824,23.403084393371284,34
58.890790605649876,11.16095556393893,34
62.48991355026268,16.102862879792234,34
60.2128320964414,12.62920748514698,34
66.11128532595137,18.320740926518422,34
60.416891768882714,15.973128042290218,34
64.90946764661368,13.290756800139059,34
58.01285079427384,23.642387271296265,34
66.69757248924272,23.466554849779726,34
56.21072499099374,20.41273810364359,34
64.93068817277491,17.676067129724213,34
59.188255290842854,12.035001435202245,34
67.3305350815068,24.184921916579,34
66.08342931618712,12.236027145465707,35
64.97457126662674,13.909937127848275,35
63.99663499624163,23.731840452364175,35
60.438926403547725,20.849296605333315,35
67.14520099257938,19.579286156406553,35
57.78259000380649,22.54590971650849,35
55.33526044343217,23.283542355610145,35
62.519295539354566,20.52712140913038,35
63.33558011329046,20.391500889452182,35
60.43327800938071,19.558740109249843,35
62.363538855757156,14.566704143061244,35
59.602574223074285,21.092997688529184,35
60.407658002438765,11.666336130976218,35
67.22967045851509,20.32737851529808,35
57.2478513383537,12.463636148142431,35
59.81602720013541,13.183438404958636,35
62.99296643675297,18.111667138204904,35
60.50283595929093,22.94304540471547,35
57.78812540386825,16.18745296352451,35
68.10932205803773,11.442810079803072,35
66.46878886340805,17.316392847558337,35
56.782196377639444,21.08449381987466,35
59.287187976546974,14.336693519155709,35
60.1136352825557,17.729139249497134,35
64.97427873180419,18.233378684901382,35
61.527683493600655,22.167381118861698,35
66.37576197627976,21.547014388171647,35
58.496563055205165,21.70254760929752,35
57.27229923331633,12.248529777208464,35
62.33662098331972,11.301089305635461,35
67.34072712353836,15.08845590809861,35
56.795295787886474,17.829953274368425,35
65.88163754789798,21.16293788235233,35
58.861142124855554,12.420401157693622,35
67.11480280373972,22.461454946732495,35
66.00719346018656,17.73318965726919,35
69.06460082378821,17.864981004056574,35
61.86702896066236,10.963877984126416,35
67.80430667021737,15.31626218094058,35
67.54670666800706,17.809249720632714,35
61.62270122431347,21.81095570258598,35
56.52417000860244,16.41323465508091,35
58.59827101123744,19.91358034628822,35
61.09663030945506,14.73346919573435,35
59.60470364521965,16.50772933756233,35
64.60617936103263,14.048730928314733,35
59.40990323341064,21.455629916162593,35
56.30982018394478,20.505781842318374,35
64.68318005278108,24.194831329477356,35
60.18658713882436,17.9163768379508,35
62.83372432423433,14.218812781950923,36
60.251258248041104,18.035108727141207,36
57.00881667771687,12.690684407282708,36
59.32573474109733,19.76919040815425,36
67.80651675462144,23.076157704737774,36
61.05425427738831,12.944247428304855,36
56.691699335440106,14.725747358685428,36
66.32753443373866,21.775528613767477,36
67.10845326074393,10.79196746337429,36
61.123841868393626,23.045028132174565,36
67.64400980057411,18.61293739885314,36
69.014225904223,13.200636657124702,36
68.87619325050358,12.254169387541648,36
58.83347028690582,19.352847228542373,36
62.371438706433686,17.540640764901667,36
57.36260202872246,23.082163783134394,36
63.831395269737286,12.02338751307144,36
64.6770139964074,17.862806092465284,36
68.18316349878819,14.099421806508953,36
55.55736928238004,15.450010055419025,36
57.51768476454191,19.16442137710559,36
64.90950694078683,15.652388219408309,36
62.9140088576151,11.369288115371356,36
64.13656010870707,22.82352642514462,36
60.09003335074537,21.272523829626962,36
64.78175057327111,17.188287086137223,36
56.43670451520534,13.5385459794464,36
57.844873133249735,14.591268865466871,36
60.98214491114747,18.974577972971534,36
55.51211468458868,21.56113114168724,36
65.92068240461279,17.170398708406626,36
62.48432083754612,20.356189403425773,36
64.47832882782431,11.77080907291278,36
64.97709545474738,16.220467347428965,36
68.59076910509445,12.237161029666337,36
56.45811648152675,14.995136074655454,36
64.40046957481783,14.276555012190782,36
65.59965625717024,14.54233680185393,36
64.497395102492,15.602017403428174,36
60.057512997570896,11.638584440337748,36
57.201738812354435,13.69153778730877,36
64.77777050482919,11.05397072779491,36
66.47540766838625,18.31000538391853,36
65.72083399377595,23.94158693902776,36
57.69951957268381,14.580251555945974,36
60.97793097742396,23.402734527305583,36
67.37811768358969,12.358626408942152,36
62.275118547270466,20.939776562901102,36
67.47619291314344,21.07381192053804,36
55.37477240306787,23.60594299785307,36
65.6458387059225,21.390889017358063,37
64.86598822518975,18.87898826998697,37
57.71895729620341,14.365355924318038,37
69.04697444782904,22.91125307028235,37
61.92260677572083,18.15587867688877,37
55.852900343446194,17.33352597000844,37
66.96448158277374,19.95224359694489,37
65.77771020360497,16.574059524777983,37
67.8603613609072,11.503583377048558,37
56.54813267111376,15.095765483792736,37
66.58106630465174,17.867200833230964,37
61.89500339203092,14.827433652428933,37
66.80189001183854,11.27447905328168,37
56.63794256379562,12.601138557905514,37
61.08484482342922,17.979946031913613,37
61.3437853680297,13.515917086742359,37
56.53151482930952,23.763384031991535,37
67.13104489141624,19.00504614112047,37
61.85437165042456,19.575347216724246,37
58.51070462504814,18.782096009261924,37
55.21221024935286,22.234200444146666,37
57.217927953779615,23.128996118446658,37
55.331966717463374,23.17767907733241,37
65.97225157595749,24.144908720237126,37
57.40682742259505,16.658281775497855,37
57.784867613728224,17.189959857743563,37
69.03764974590919,19.833540323139555,37
65.91069680349425,14.222474823761164,37
65.11110728386487,12.939087265882206,37
63.578998682914,11.762169816426548,37
64.88351668212513,13.057367658849968,37
56.5318762248627,19.184603162277966,37
62.365824088166804,20.665268746021184,37
64.80583443550552,11.34716523541186,37
59.224690401957375,11.860094790697264,37
67.94810462479015,18.838172717194887,37
64.16144346449146,14.70480365379683,37
59.21824740533435,17.407560158324188,37
68.00987450958812,11.104963379653347,37
62.77108560558405,12.041225941968333,37
63.13385834045224,15.824828839195469,37
68.91845434188153,15.769338030456076,37
56.76242421204428,14.353505180065751,37
61.09178960459684,23.632176541291457,37
66.93181932662124,23.515564099526436,37
55.426671318931085,12.159443487596398,37
61.62558876819552,20.082648679273888,37
63.76158855257055,19.285059410788953,37
59.817449692069175,22.422599859105162,37
61.564939833724644,11.608787664267867,37
60.79355291683331,20.860608250884034,38
58.91421266126939,20.898550259197396,38
56.74546198789714,11.218251382495337,38
57.586021663054865,19.70990306844613,38
58.53391819196588,21.67034594489254,38
68.74859620578287,12.930351466626217,38
67.60188361438507,14.357260558012367,38
67.59639552897552,15.367720516084667,38
59.71255128176895,13.635967539037992,38
65.0627082749737,15.468764750245082,38
68.73898297469815,14.856869880753498,38
60.625088315296274,21.537901332504006,38
65.95101399852774,15.524339754607894,38
60.62920487053313,16.85741733688873,38
61.679773384500166,20.87311549492595,38
62.58656023398151,12.611346722718157,38
62.96906965208316,23.016717492581826,38
67.55679439633435,10.62741401893273,38
60.15881328417018,14.906783179552335,38
65.86809412482752,17.861463132539086,38
57.66870279073347,19.200490701447468,38
59.59693970265246,23.398125660685743,38
60.96987799262075,11.022306125541789,38
64.89042450508781,10.885680759139913,38
62.00551227044504,22.971560991308607,38
60.36954159753858,20.744791257141394,38
66.10996522911076,13.546669949723789,38
64.93917103181823,12.579993130800412,38
57.98796092294135,21.440532184664104,38
67.4392235555365,12.097928294366142,38
58.87150627564903,12.920013642874096,38
68.42622592325121,15.34290117439752,38
67.57140909809328,17.383095875277302,38
59.48566905341192,18.583512665732968,38
67.76161593314936,20.404565540849024,38
60.33342557309427,13.666251669850231,38
59.14330224468035,10.929247475722134,38
63.3183834354489,16.026507041560357,38
58.73605265146793,19.959076468982843,38
62.87821093007575,14.293170679434262,38
57.91801404194252,17.376978286178343,38
61.18880665239553,17.808649350452285,38
62.98908858120412,18.01887149444025,38
69.03898441584616,17.936597075246603,38
57.91416842578083,14.07336612504718,38
59.54058002149073,16.241920761363794,38
66.38319380543092,12.913617926974673,38
68.66050866064585,20.634441348482536,38
60.20027063167507,21.272733050237658,38
65.56257388893096,21.476096276121172,38
58.73154584254926,10.646114364163607,39
67.29632249983594,18.198021304287582,39
67.60734497984912,23.644828046632117,39
63.17937603144014,18.543098158573866,39
56.517148362925624,18.295752935425703,39
56.87174177058272,20.752318904903063,39
55.899483137925316,18.943839969680706,39
57.05815967010653,17.737879079102235,39
62.22762360062406,14.278776132929776,39
56.912115450335456,12.124842108129318,39
66.95326947003134,15.67240069208709,39
61.65355188310323,12.284783592084931,39
60.11834598400973,18.916796072453536,39
63.950393144711136,12.072534555907286,39
59.59101607597896,15.264336428939774,39
60.916746261623835,11.293371105993815,39
55.735453923665155,21.133067318742206,39
67.79656520899516,18.12218641418877,39
63.545883779948085,13.253705735588246,39
63.63920777025015,15.481338762580894,39
56.469590960772486,18.254222709889895,39
61.6442071885723,13.282307153409949,39
66.40823636601911,15.882486813028518,39
59.88464601109072,12.441315191244861,39
65.44822998684312,19.988837986788337,39
58.95604004958595,21.340733657032736,39
62.21712972609611,17.91831584109004,39
62.050136043652365,13.391564536061558,39
68.10842798493792,11.936731995403173,39
58.359924445507716,10.9545453604262,39
62.89907018437307,19.23553609696553,39
63.998610486919674,20.135979491699,39
61.16820225226107,18.379678874610615,39
62.54896259417983,15.316617844752173,39
59.424199040229766,12.091985804924985,39
64.53012238130746,13.411960007239832,39
59.63054186947576,15.87329535398752,39
55.521211357947834,15.957610457436864,39
60.83611397100602,17.798001505858824,39
66.2020366553295,23.36232602233381,39
60.976412432697664,15.078325420782942,39
60.2947396289366,20.242139500740514,39
68.17622824250134,18.215397781666436,39
63.861448194938355,19.60186026277497,39
56.36296950657571,12.540713162298598,39
55.493563866306935,11.397970228877172,39
55.90443070248328,21.30514939191527,39
67.671574806872,15.859346769806645,39
60.891911843567236,11.357785066560321,39
59.382427887651026,11.301236697570396,39
68.04897989672311,17.679374682119942,40
64.48042923273749,17.63742331079286,40
63.76497564812237,20.827870069752883,40
65.770446905959,10.922045332115689,40
66.9247051167519,16.25516414340654,40
56.22624867285975,19.280747496098755,40
62.81771831908907,10.74899277237191,40
60.953036893038096,13.098936310760593,40
60.61585527748868,16.195055363706544,40
62.79211042513764,12.7626368772284,40
65.59653055097264,10.66459631580656,40
56.60922209270612,10.964066636267995,40
62.74888564015018,13.058280045582977,40
55.43393329332486,19.199703750868842,40
67.06109095497226,13.183114736351357,40
63.91762427541781,17.402675966249,40
66.42695282070359,15.324059191576072,40
69.019050167021,21.29216944263904,40
66.28826640045051,17.2866849107317,40
62.520843799768045,24.1586371184547,40
61.279268502400406,22.93354361808614,40
67.85692322257086,13.766145595173969,40
57.864407398703385,16.453591835850325,40
64.6969809244085,24.015817847514096,40
65.27091714160753,22.266267124118933,40
63.976250767734484,20.964912302992378,40
61.19964398391515,14.201343146701163,40
56.500321470809,19.934374943263325,40
68.8713462681241,21.2987417515863,40
68.02300465544552,21.175600853056565,40
68.42101822741962,12.95682038064745,40
58.28861256141921,15.965832535951984,40
62.762434241458074,14.022288086192619,40
65.39709884263539,21.45872928172844,40
58.11579857123227,18.579151089307132,40
60.68415771904869,11.329647782091078,40
64.60979732695995,12.084317561933501,40
62.76841132654492,22.748690993160317,40
58.394080728820626,19.5578293695285,40
65.73732515170796,23.25300828489098,40
55.23757076521679,22.921043979350042,40
59.57797822034796,10.661385563358529,40
58.22260026293687,14.931127035580257,40
68.90895386964759,21.621860304423045,40
64.52365875551783,16.823837800357836,40
58.22456427401926,12.752260799489687,40
68.2767294904457,13.89321498735638,40
65.69635141783056,16.35527839623733,40
61.723676854228735,11.987469528152786,40
55.84933630569327,14.934610443143743,40
